,datetime,time,voltage,current,quietValue,quietTime,duration,curr_range,volt_range,test_name,potentio_id,electrode
0,2018-07-19,1.0,0.04,0.73016,0.04,0,3333,100uA,1V,chronoamp,1,
1,2018-07-19,2.0,0.04,0.66614,0.04,0,3333,100uA,1V,chronoamp,1,
2,2018-07-19,3.0,0.04,0.66402,0.04,0,3333,100uA,1V,chronoamp,1,
3,2018-07-19,4.0,0.04,0.64262,0.04,0,3333,100uA,1V,chronoamp,1,
4,2018-07-19,5.0,0.04,0.66934,0.04,0,3333,100uA,1V,chronoamp,1,
5,2018-07-19,6.0,0.04,0.71553,0.04,0,3333,100uA,1V,chronoamp,1,
0,2018-07-19,1.0,0.04,0.68036,0.04,0,3344,100uA,1V,chronoamp,1,
1,2018-07-19,2.0,0.04,0.65498,0.04,0,3344,100uA,1V,chronoamp,1,
2,2018-07-19,3.0,0.04,0.66531,0.04,0,3344,100uA,1V,chronoamp,1,
3,2018-07-19,4.0,0.04,0.72178,0.04,0,3344,100uA,1V,chronoamp,1,
4,2018-07-19,5.0,0.04,0.7089,0.04,0,3344,100uA,1V,chronoamp,1,
5,2018-07-19,6.0,0.04,0.70354,0.04,0,3344,100uA,1V,chronoamp,1,
0,2018-07-19,1.0,0.04,1.36268,0.04,1,2500,100uA,1V,chronoamp,2,Nafionxx
1,2018-07-19,2.0,0.04,1.37576,0.04,1,2500,100uA,1V,chronoamp,2,Nafionxx
2,2018-07-19,3.0,0.04,1.35578,0.04,1,2500,100uA,1V,chronoamp,2,Nafionxx
3,2018-07-19,4.0,0.04,1.37236,0.04,1,2500,100uA,1V,chronoamp,2,Nafionxx
4,2018-07-19,5.0,0.04,1.37199,0.04,1,2500,100uA,1V,chronoamp,2,Nafionxx
0,2018-07-19,1.0,0.04,1.40824,0.04,1,3000,100uA,1V,chronoamp,2,Nafionxx
1,2018-07-19,2.0,0.04,1.35323,0.04,1,3000,100uA,1V,chronoamp,2,Nafionxx
2,2018-07-19,3.0,0.04,1.40643,0.04,1,3000,100uA,1V,chronoamp,2,Nafionxx
3,2018-07-19,4.0,0.04,1.39025,0.04,1,3000,100uA,1V,chronoamp,2,Nafionxx
4,2018-07-19,5.0,0.04,1.35068,0.04,1,3000,100uA,1V,chronoamp,2,Nafionxx
5,2018-07-19,6.0,0.04,1.38376,0.04,1,3000,100uA,1V,chronoamp,2,Nafionxx
0,2018-07-19,1.0,0.033,0.06594,0.033,0,2567,10uA,1V,chronoamp,1,Laponitexy
1,2018-07-19,2.0,0.033,0.07281,0.033,0,2567,10uA,1V,chronoamp,1,Laponitexy
2,2018-07-19,3.0,0.033,0.07076,0.033,0,2567,10uA,1V,chronoamp,1,Laponitexy
3,2018-07-19,4.0,0.033,0.06725,0.033,0,2567,10uA,1V,chronoamp,1,Laponitexy
4,2018-07-19,5.0,0.033,0.06632,0.033,0,2567,10uA,1V,chronoamp,1,Laponitexy
0,2018-07-20,1.0,0.022,0.06777,0.022,1,10000,10uA,1V,chronoamp,1,vv
1,2018-07-20,2.0,0.022,0.06651,0.022,1,10000,10uA,1V,chronoamp,1,vv
2,2018-07-20,3.0,0.022,0.06895,0.022,1,10000,10uA,1V,chronoamp,1,vv
3,2018-07-20,4.0,0.022,0.06474,0.022,1,10000,10uA,1V,chronoamp,1,vv
4,2018-07-20,5.0,0.022,0.06613,0.022,1,10000,10uA,1V,chronoamp,1,vv
5,2018-07-20,6.0,0.022,0.06529,0.022,1,10000,10uA,1V,chronoamp,1,vv
6,2018-07-20,7.0,0.022,0.06641,0.022,1,10000,10uA,1V,chronoamp,1,vv
7,2018-07-20,8.0,0.022,0.06573,0.022,1,10000,10uA,1V,chronoamp,1,vv
8,2018-07-20,9.0,0.022,0.06711,0.022,1,10000,10uA,1V,chronoamp,1,vv
9,2018-07-20,10.0,0.022,0.068,0.022,1,10000,10uA,1V,chronoamp,1,vv
10,2018-07-20,11.0,0.022,0.0649,0.022,1,10000,10uA,1V,chronoamp,1,vv
11,2018-07-20,12.0,0.022,0.06843,0.022,1,10000,10uA,1V,chronoamp,1,vv
12,2018-07-20,13.0,0.022,0.06647,0.022,1,10000,10uA,1V,chronoamp,1,vv
13,2018-07-20,14.0,0.022,0.0653,0.022,1,10000,10uA,1V,chronoamp,1,vv
14,2018-07-20,15.0,0.022,0.06877,0.022,1,10000,10uA,1V,chronoamp,1,vv
15,2018-07-20,16.0,0.022,0.06496,0.022,1,10000,10uA,1V,chronoamp,1,vv
16,2018-07-20,17.0,0.022,0.06991,0.022,1,10000,10uA,1V,chronoamp,1,vv
17,2018-07-20,18.0,0.022,0.06796,0.022,1,10000,10uA,1V,chronoamp,1,vv
18,2018-07-20,19.0,0.022,0.06724,0.022,1,10000,10uA,1V,chronoamp,1,vv
19,2018-07-20,20.0,0.022,0.06498,0.022,1,10000,10uA,1V,chronoamp,1,vv
0,2018-07-20,0.5,0.035,6.91352,0.035,3,3000,2,1000uA,5V,chronoamp,1,dummy1
1,2018-07-20,1.0,0.035,6.73496,0.035,3,3000,2,1000uA,5V,chronoamp,1,dummy1
2,2018-07-20,1.5,0.035,6.84636,0.035,3,3000,2,1000uA,5V,chronoamp,1,dummy1
3,2018-07-20,2.0,0.035,6.61979,0.035,3,3000,2,1000uA,5V,chronoamp,1,dummy1
4,2018-07-20,2.5,0.035,6.80401,0.035,3,3000,2,1000uA,5V,chronoamp,1,dummy1
5,2018-07-20,3.0,0.035,6.65664,0.035,3,3000,2,1000uA,5V,chronoamp,1,dummy1
6,2018-07-20,3.5,0.035,6.6293,0.035,3,3000,2,1000uA,5V,chronoamp,1,dummy1
7,2018-07-20,4.0,0.035,6.60483,0.035,3,3000,2,1000uA,5V,chronoamp,1,dummy1
8,2018-07-20,4.5,0.035,6.57217,0.035,3,3000,2,1000uA,5V,chronoamp,1,dummy1
9,2018-07-20,5.0,0.035,6.65864,0.035,3,3000,2,1000uA,5V,chronoamp,1,dummy1
10,2018-07-20,5.5,0.035,6.69731,0.035,3,3000,2,1000uA,5V,chronoamp,1,dummy1
11,2018-07-20,6.0,0.035,6.56465,0.035,3,3000,2,1000uA,5V,chronoamp,1,dummy1
0,2018-07-20,1.0,0.037,0.67787,0.037,2,3000,1,100uA,5V,chronoamp,1,zz
1,2018-07-20,2.0,0.037,0.68087,0.037,2,3000,1,100uA,5V,chronoamp,1,zz
2,2018-07-20,3.0,0.037,0.6587,0.037,2,3000,1,100uA,5V,chronoamp,1,zz
3,2018-07-20,4.0,0.037,0.67523,0.037,2,3000,1,100uA,5V,chronoamp,1,zz
4,2018-07-20,5.0,0.037,0.68044,0.037,2,3000,1,100uA,5V,chronoamp,1,zz
5,2018-07-20,6.0,0.037,0.66485,0.037,2,3000,1,100uA,5V,chronoamp,1,zz
0,2018-07-20,0.333,0.033,0.06753,0.033,3,3000,3,10uA,5V,chronoamp,1,ggggg
1,2018-07-20,0.666,0.033,0.06767,0.033,3,3000,3,10uA,5V,chronoamp,1,ggggg
2,2018-07-20,0.999,0.033,0.07081,0.033,3,3000,3,10uA,5V,chronoamp,1,ggggg
3,2018-07-20,1.332,0.033,0.06513,0.033,3,3000,3,10uA,5V,chronoamp,1,ggggg
4,2018-07-20,1.665,0.033,0.06669,0.033,3,3000,3,10uA,5V,chronoamp,1,ggggg
5,2018-07-20,1.998,0.033,0.06608,0.033,3,3000,3,10uA,5V,chronoamp,1,ggggg
6,2018-07-20,2.331,0.033,0.06696,0.033,3,3000,3,10uA,5V,chronoamp,1,ggggg
7,2018-07-20,2.664,0.033,0.06856,0.033,3,3000,3,10uA,5V,chronoamp,1,ggggg
8,2018-07-20,2.997,0.033,0.06864,0.033,3,3000,3,10uA,5V,chronoamp,1,ggggg
9,2018-07-20,3.33,0.033,0.06549,0.033,3,3000,3,10uA,5V,chronoamp,1,ggggg
10,2018-07-20,3.6630000000000003,0.033,0.06612,0.033,3,3000,3,10uA,5V,chronoamp,1,ggggg
11,2018-07-20,3.996,0.033,0.0643,0.033,3,3000,3,10uA,5V,chronoamp,1,ggggg
12,2018-07-20,4.329,0.033,0.0657,0.033,3,3000,3,10uA,5V,chronoamp,1,ggggg
13,2018-07-20,4.662,0.033,0.06969,0.033,3,3000,3,10uA,5V,chronoamp,1,ggggg
14,2018-07-20,4.995,0.033,0.06581,0.033,3,3000,3,10uA,5V,chronoamp,1,ggggg
15,2018-07-20,5.328,0.033,0.06646,0.033,3,3000,3,10uA,5V,chronoamp,1,ggggg
16,2018-07-20,5.6610000000000005,0.033,0.06612,0.033,3,3000,3,10uA,5V,chronoamp,1,ggggg
17,2018-07-20,5.994,0.033,0.06562,0.033,3,3000,3,10uA,5V,chronoamp,1,ggggg
0,2018-07-20,0.2,0.052,1.61739,0.052,1,2500,5,100uA,2V,chronoamp,2,ttt
1,2018-07-20,0.4,0.052,1.60975,0.052,1,2500,5,100uA,2V,chronoamp,2,ttt
2,2018-07-20,0.6,0.052,1.5783,0.052,1,2500,5,100uA,2V,chronoamp,2,ttt
3,2018-07-20,0.8,0.052,1.61756,0.052,1,2500,5,100uA,2V,chronoamp,2,ttt
4,2018-07-20,1.0,0.052,1.58992,0.052,1,2500,5,100uA,2V,chronoamp,2,ttt
5,2018-07-20,1.2,0.052,1.6267,0.052,1,2500,5,100uA,2V,chronoamp,2,ttt
6,2018-07-20,1.4000000000000001,0.052,1.60888,0.052,1,2500,5,100uA,2V,chronoamp,2,ttt
7,2018-07-20,1.6,0.052,1.59382,0.052,1,2500,5,100uA,2V,chronoamp,2,ttt
8,2018-07-20,1.8,0.052,1.63229,0.052,1,2500,5,100uA,2V,chronoamp,2,ttt
9,2018-07-20,2.0,0.052,1.60408,0.052,1,2500,5,100uA,2V,chronoamp,2,ttt
10,2018-07-20,2.2,0.052,1.5891,0.052,1,2500,5,100uA,2V,chronoamp,2,ttt
11,2018-07-20,2.4,0.052,1.59927,0.052,1,2500,5,100uA,2V,chronoamp,2,ttt
12,2018-07-20,2.6,0.052,1.58942,0.052,1,2500,5,100uA,2V,chronoamp,2,ttt
13,2018-07-20,2.8000000000000003,0.052,1.63979,0.052,1,2500,5,100uA,2V,chronoamp,2,ttt
14,2018-07-20,3.0,0.052,1.58709,0.052,1,2500,5,100uA,2V,chronoamp,2,ttt
15,2018-07-20,3.2,0.052,1.62834,0.052,1,2500,5,100uA,2V,chronoamp,2,ttt
16,2018-07-20,3.4,0.052,1.5966,0.052,1,2500,5,100uA,2V,chronoamp,2,ttt
17,2018-07-20,3.6,0.052,1.62631,0.052,1,2500,5,100uA,2V,chronoamp,2,ttt
18,2018-07-20,3.8000000000000003,0.052,1.59131,0.052,1,2500,5,100uA,2V,chronoamp,2,ttt
19,2018-07-20,4.0,0.052,1.60962,0.052,1,2500,5,100uA,2V,chronoamp,2,ttt
20,2018-07-20,4.2,0.052,1.62069,0.052,1,2500,5,100uA,2V,chronoamp,2,ttt
21,2018-07-20,4.4,0.052,1.60196,0.052,1,2500,5,100uA,2V,chronoamp,2,ttt
22,2018-07-20,4.6000000000000005,0.052,1.60495,0.052,1,2500,5,100uA,2V,chronoamp,2,ttt
23,2018-07-20,4.8,0.052,1.59173,0.052,1,2500,5,100uA,2V,chronoamp,2,ttt
24,2018-07-20,5.0,0.052,1.61822,0.052,1,2500,5,100uA,2V,chronoamp,2,ttt
0,2018-07-20,0.333,0.033,0.68047,0.033,3,3004,3,10uA,2V,chronoamp,2,ww
1,2018-07-20,0.666,0.033,0.67269,0.033,3,3004,3,10uA,2V,chronoamp,2,ww
2,2018-07-20,0.999,0.033,0.6818,0.033,3,3004,3,10uA,2V,chronoamp,2,ww
3,2018-07-20,1.332,0.033,0.67668,0.033,3,3004,3,10uA,2V,chronoamp,2,ww
4,2018-07-20,1.665,0.033,0.67331,0.033,3,3004,3,10uA,2V,chronoamp,2,ww
5,2018-07-20,1.998,0.033,0.6798,0.033,3,3004,3,10uA,2V,chronoamp,2,ww
6,2018-07-20,2.331,0.033,0.6742,0.033,3,3004,3,10uA,2V,chronoamp,2,ww
7,2018-07-20,2.664,0.033,0.67392,0.033,3,3004,3,10uA,2V,chronoamp,2,ww
8,2018-07-20,2.997,0.033,0.68298,0.033,3,3004,3,10uA,2V,chronoamp,2,ww
9,2018-07-20,3.33,0.033,0.67108,0.033,3,3004,3,10uA,2V,chronoamp,2,ww
10,2018-07-20,3.6630000000000003,0.033,0.67495,0.033,3,3004,3,10uA,2V,chronoamp,2,ww
11,2018-07-20,3.996,0.033,0.68372,0.033,3,3004,3,10uA,2V,chronoamp,2,ww
12,2018-07-20,4.329,0.033,0.66995,0.033,3,3004,3,10uA,2V,chronoamp,2,ww
13,2018-07-20,4.662,0.033,0.68065,0.033,3,3004,3,10uA,2V,chronoamp,2,ww
14,2018-07-20,4.995,0.033,0.68099,0.033,3,3004,3,10uA,2V,chronoamp,2,ww
15,2018-07-20,5.328,0.033,0.67343,0.033,3,3004,3,10uA,2V,chronoamp,2,ww
16,2018-07-20,5.6610000000000005,0.033,0.68464,0.033,3,3004,3,10uA,2V,chronoamp,2,ww
17,2018-07-20,5.994,0.033,0.68052,0.033,3,3004,3,10uA,2V,chronoamp,2,ww
0,2018-07-20,0.25,0.05,1.00969,0.05,3,2555,4,10uA,2V,chronoamp,2,r
1,2018-07-20,0.5,0.05,1.01689,0.05,3,2555,4,10uA,2V,chronoamp,2,r
2,2018-07-20,0.75,0.05,1.01141,0.05,3,2555,4,10uA,2V,chronoamp,2,r
3,2018-07-20,1.0,0.05,1.01925,0.05,3,2555,4,10uA,2V,chronoamp,2,r
4,2018-07-20,1.25,0.05,1.01155,0.05,3,2555,4,10uA,2V,chronoamp,2,r
5,2018-07-20,1.5,0.05,1.01786,0.05,3,2555,4,10uA,2V,chronoamp,2,r
6,2018-07-20,1.75,0.05,1.00991,0.05,3,2555,4,10uA,2V,chronoamp,2,r
7,2018-07-20,2.0,0.05,1.01884,0.05,3,2555,4,10uA,2V,chronoamp,2,r
8,2018-07-20,2.25,0.05,1.01125,0.05,3,2555,4,10uA,2V,chronoamp,2,r
9,2018-07-20,2.5,0.05,1.01611,0.05,3,2555,4,10uA,2V,chronoamp,2,r
10,2018-07-20,2.75,0.05,1.01158,0.05,3,2555,4,10uA,2V,chronoamp,2,r
11,2018-07-20,3.0,0.05,1.01431,0.05,3,2555,4,10uA,2V,chronoamp,2,r
12,2018-07-20,3.25,0.05,1.00946,0.05,3,2555,4,10uA,2V,chronoamp,2,r
13,2018-07-20,3.5,0.05,1.0122,0.05,3,2555,4,10uA,2V,chronoamp,2,r
14,2018-07-20,3.75,0.05,1.00966,0.05,3,2555,4,10uA,2V,chronoamp,2,r
15,2018-07-20,4.0,0.05,1.01298,0.05,3,2555,4,10uA,2V,chronoamp,2,r
16,2018-07-20,4.25,0.05,1.01009,0.05,3,2555,4,10uA,2V,chronoamp,2,r
17,2018-07-20,4.5,0.05,1.01647,0.05,3,2555,4,10uA,2V,chronoamp,2,r
18,2018-07-20,4.75,0.05,1.01163,0.05,3,2555,4,10uA,2V,chronoamp,2,r
19,2018-07-20,5.0,0.05,1.01272,0.05,3,2555,4,10uA,2V,chronoamp,2,r
0,2018-07-20,0.5,0.04,0.81947,0.04,1,3009,2,10uA,2V,chronoamp,2,
1,2018-07-20,1.0,0.04,0.82045,0.04,1,3009,2,10uA,2V,chronoamp,2,
2,2018-07-20,1.5,0.04,0.82218,0.04,1,3009,2,10uA,2V,chronoamp,2,
3,2018-07-20,2.0,0.04,0.82396,0.04,1,3009,2,10uA,2V,chronoamp,2,
4,2018-07-20,2.5,0.04,0.82035,0.04,1,3009,2,10uA,2V,chronoamp,2,
5,2018-07-20,3.0,0.04,0.81903,0.04,1,3009,2,10uA,2V,chronoamp,2,
6,2018-07-20,3.5,0.04,0.82028,0.04,1,3009,2,10uA,2V,chronoamp,2,
7,2018-07-20,4.0,0.04,0.81708,0.04,1,3009,2,10uA,2V,chronoamp,2,
8,2018-07-20,4.5,0.04,0.82097,0.04,1,3009,2,10uA,2V,chronoamp,2,
9,2018-07-20,5.0,0.04,0.82046,0.04,1,3009,2,10uA,2V,chronoamp,2,
10,2018-07-20,5.5,0.04,0.82149,0.04,1,3009,2,10uA,2V,chronoamp,2,
11,2018-07-20,6.0,0.04,0.82097,0.04,1,3009,2,10uA,2V,chronoamp,2,
0,2018-07-20,0.5,0.04,0.82006,0.04,1,3009,2,10uA,2V,chronoamp,2,
1,2018-07-20,1.0,0.04,0.82155,0.04,1,3009,2,10uA,2V,chronoamp,2,
2,2018-07-20,1.5,0.04,0.82112,0.04,1,3009,2,10uA,2V,chronoamp,2,
3,2018-07-20,2.0,0.04,0.81842,0.04,1,3009,2,10uA,2V,chronoamp,2,
4,2018-07-20,2.5,0.04,0.82201,0.04,1,3009,2,10uA,2V,chronoamp,2,
5,2018-07-20,3.0,0.04,0.81914,0.04,1,3009,2,10uA,2V,chronoamp,2,
6,2018-07-20,3.5,0.04,0.82289,0.04,1,3009,2,10uA,2V,chronoamp,2,
7,2018-07-20,4.0,0.04,0.81967,0.04,1,3009,2,10uA,2V,chronoamp,2,
8,2018-07-20,4.5,0.04,0.82073,0.04,1,3009,2,10uA,2V,chronoamp,2,
9,2018-07-20,5.0,0.04,0.82004,0.04,1,3009,2,10uA,2V,chronoamp,2,
10,2018-07-20,5.5,0.04,0.81751,0.04,1,3009,2,10uA,2V,chronoamp,2,
11,2018-07-20,6.0,0.04,0.81956,0.04,1,3009,2,10uA,2V,chronoamp,2,
0,2018-07-24,1.0,0.05,0.62725,0.0,0,3000,0.05,0,0.0,1,100uA,1V,chronoamp,1,
1,2018-07-24,2.0,0.05,0.64914,0.0,0,3000,0.05,0,0.0,1,100uA,1V,chronoamp,1,
2,2018-07-24,3.0,0.05,0.61668,0.0,0,3000,0.05,0,0.0,1,100uA,1V,chronoamp,1,
0,2018-07-24,1.0,0.05,0.67989,0.0,0,3000,0.05,0,0.0,1,100uA,1V,chronoamp,1,
1,2018-07-24,2.0,0.05,0.67517,0.0,0,3000,0.05,0,0.0,1,100uA,1V,chronoamp,1,
2,2018-07-24,3.0,0.05,0.62688,0.0,0,3000,0.05,0,0.0,1,100uA,1V,chronoamp,1,
0,2018-07-24,1.0,0.05,1.56956,0.0,0,3000,0.05,0,0.0,1,100uA,1V,chronoamp,2,
1,2018-07-24,2.0,0.05,1.62603,0.0,0,3000,0.05,0,0.0,1,100uA,1V,chronoamp,2,
2,2018-07-24,3.0,0.05,1.59391,0.0,0,3000,0.05,0,0.0,1,100uA,1V,chronoamp,2,
0,2018-07-24,1.0,0.05,0.59733,0.0,0,3000,0.05,0,0.0,1,100uA,1V,chronoamp,1,
1,2018-07-24,2.0,0.05,0.6473,0.0,0,3000,0.05,0,0.0,1,100uA,1V,chronoamp,1,
2,2018-07-24,3.0,0.05,0.62064,0.0,0,3000,0.05,0,0.0,1,100uA,1V,chronoamp,1,
0,2018-07-24,1.0,0.05,1.55545,0.0,0,3000,0.05,0,0.0,1,100uA,1V,chronoamp,2,
1,2018-07-24,2.0,0.05,1.55851,0.0,0,3000,0.05,0,0.0,1,100uA,1V,chronoamp,2,
2,2018-07-24,3.0,0.05,1.58611,0.0,0,3000,0.05,0,0.0,1,100uA,1V,chronoamp,2,
0,2018-07-24,1.0,0.05,0.663,0.0,0,3000,0.05,0,0.0,1,100uA,1V,chronoamp,1,
1,2018-07-24,2.0,0.05,0.63915,0.0,0,3000,0.05,0,0.0,1,100uA,1V,chronoamp,1,
2,2018-07-24,3.0,0.05,0.64567,0.0,0,3000,0.05,0,0.0,1,100uA,1V,chronoamp,1,
0,2018-07-24,1.0,0.05,1.57333,0.0,0,3000,0.05,0,0.0,1,100uA,1V,chronoamp,2,
1,2018-07-24,2.0,0.05,1.57264,0.0,0,3000,0.05,0,0.0,1,100uA,1V,chronoamp,2,
2,2018-07-24,3.0,0.05,1.5945,0.0,0,3000,0.05,0,0.0,1,100uA,1V,chronoamp,2,
0,2018-07-24,1.0,0.05,1.59029,0.0,0,3000,0.05,0,0.0,1,100uA,1V,chronoamp,2,
1,2018-07-24,2.0,0.05,1.60525,0.0,0,3000,0.05,0,0.0,1,100uA,1V,chronoamp,2,
2,2018-07-24,3.0,0.05,1.5852,0.0,0,3000,0.05,0,0.0,1,100uA,1V,chronoamp,2,
0,2018-07-24,1.0,0.05,0.62273,0.0,0,3000,0.05,0,0.0,1,100uA,1V,chronoamp,1,
1,2018-07-24,2.0,0.05,0.63323,0.0,0,3000,0.05,0,0.0,1,100uA,1V,chronoamp,1,
2,2018-07-24,3.0,0.05,0.63696,0.0,0,3000,0.05,0,0.0,1,100uA,1V,chronoamp,1,
0,2018-07-24,1.0,0.05,1.59607,0.0,0,3000,0.05,0,0.0,1,100uA,1V,chronoamp,2,
1,2018-07-24,2.0,0.05,1.60277,0.0,0,3000,0.05,0,0.0,1,100uA,1V,chronoamp,2,
2,2018-07-24,3.0,0.05,1.57879,0.0,0,3000,0.05,0,0.0,1,100uA,1V,chronoamp,2,
0,2018-07-24,1.0,0.05,0.64056,0.0,0,3000,0.05,0,0.0,1,100uA,1V,chronoamp,1,
1,2018-07-24,2.0,0.05,0.66858,0.0,0,3000,0.05,0,0.0,1,100uA,1V,chronoamp,1,
2,2018-07-24,3.0,0.05,0.55169,0.0,0,3000,0.05,0,0.0,1,100uA,1V,chronoamp,1,
0,2018-07-24,1.0,0.05,1.62922,0.0,0,3000,0.05,0,0.0,1,100uA,1V,chronoamp,2,
1,2018-07-24,2.0,0.05,1.57973,0.0,0,3000,0.05,0,0.0,1,100uA,1V,chronoamp,2,
2,2018-07-24,3.0,0.05,1.58109,0.0,0,3000,0.05,0,0.0,1,100uA,1V,chronoamp,2,
0,2018-07-24,1.0,0.05,0.69232,0.0,0,3000,0.05,0,0.0,1,100uA,1V,chronoamp,1,
1,2018-07-24,2.0,0.05,0.68416,0.0,0,3000,0.05,0,0.0,1,100uA,1V,chronoamp,1,
2,2018-07-24,3.0,0.05,0.66078,0.0,0,3000,0.05,0,0.0,1,100uA,1V,chronoamp,1,
0,2018-07-24,1.0,0.05,23.21068,0.0,0,3000,0.05,0,0.0,1,100uA,1V,chronoamp,1,
1,2018-07-24,2.0,0.05,23.22412,0.0,0,3000,0.05,0,0.0,1,100uA,1V,chronoamp,1,
2,2018-07-24,3.0,0.05,23.22116,0.0,0,3000,0.05,0,0.0,1,100uA,1V,chronoamp,1,
0,2018-07-24,1.0,0.05,9.99817,0.03,8,3000,0.05,0,0.0,1,10uA,1V,chronoamp,1,nn
1,2018-07-24,2.0,0.05,9.99817,0.03,8,3000,0.05,0,0.0,1,10uA,1V,chronoamp,1,nn
2,2018-07-24,3.0,0.05,9.99817,0.03,8,3000,0.05,0,0.0,1,10uA,1V,chronoamp,1,nn
0,2018-07-24,1.0,0.05,9.99817,0.5,0,3000,0.05,0,0.0,1,10uA,1V,chronoamp,1,
1,2018-07-24,2.0,0.05,9.99817,0.5,0,3000,0.05,0,0.0,1,10uA,1V,chronoamp,1,
2,2018-07-24,3.0,0.05,9.99817,0.5,0,3000,0.05,0,0.0,1,10uA,1V,chronoamp,1,
0,2018-07-24,1.0,0.05,1.01198,0.5,0,3000,0.05,0,0.0,1,10uA,1V,chronoamp,2,
1,2018-07-24,2.0,0.05,1.01049,0.5,0,3000,0.05,0,0.0,1,10uA,1V,chronoamp,2,
2,2018-07-24,3.0,0.05,1.0132,0.5,0,3000,0.05,0,0.0,1,10uA,1V,chronoamp,2,
0,2018-07-24,0.333,0.05,1.01138,0.5,0,3000,0.05,0,0.0,3,10uA,1V,chronoamp,2,
1,2018-07-24,0.666,0.05,1.00939,0.5,0,3000,0.05,0,0.0,3,10uA,1V,chronoamp,2,
2,2018-07-24,0.999,0.05,1.01074,0.5,0,3000,0.05,0,0.0,3,10uA,1V,chronoamp,2,
3,2018-07-24,1.332,0.05,1.01248,0.5,0,3000,0.05,0,0.0,3,10uA,1V,chronoamp,2,
4,2018-07-24,1.665,0.05,1.01007,0.5,0,3000,0.05,0,0.0,3,10uA,1V,chronoamp,2,
5,2018-07-24,1.998,0.05,1.00976,0.5,0,3000,0.05,0,0.0,3,10uA,1V,chronoamp,2,
6,2018-07-24,2.331,0.05,1.01416,0.5,0,3000,0.05,0,0.0,3,10uA,1V,chronoamp,2,
7,2018-07-24,2.664,0.05,1.00999,0.5,0,3000,0.05,0,0.0,3,10uA,1V,chronoamp,2,
8,2018-07-24,2.997,0.05,1.01055,0.5,0,3000,0.05,0,0.0,3,10uA,1V,chronoamp,2,
0,2018-07-24,0.333,0.05,9.99817,0.5,0,3000,0.05,0,0.0,3,10uA,1V,chronoamp,1,
1,2018-07-24,0.666,0.05,9.99817,0.5,0,3000,0.05,0,0.0,3,10uA,1V,chronoamp,1,
2,2018-07-24,0.999,0.05,9.99817,0.5,0,3000,0.05,0,0.0,3,10uA,1V,chronoamp,1,
3,2018-07-24,1.332,0.05,9.99817,0.5,0,3000,0.05,0,0.0,3,10uA,1V,chronoamp,1,
4,2018-07-24,1.665,0.05,9.99817,0.5,0,3000,0.05,0,0.0,3,10uA,1V,chronoamp,1,
5,2018-07-24,1.998,0.05,9.99817,0.5,0,3000,0.05,0,0.0,3,10uA,1V,chronoamp,1,
6,2018-07-24,2.331,0.05,9.99817,0.5,0,3000,0.05,0,0.0,3,10uA,1V,chronoamp,1,
7,2018-07-24,2.664,0.05,9.99817,0.5,0,3000,0.05,0,0.0,3,10uA,1V,chronoamp,1,
8,2018-07-24,2.997,0.05,9.99817,0.5,0,3000,0.05,0,0.0,3,10uA,1V,chronoamp,1,
0,2018-07-24,1.0,0.05,0.99982,0.5,0,3000,0.05,0,0.0,1,1uA,1V,chronoamp,1,
1,2018-07-24,2.0,0.05,0.99982,0.5,0,3000,0.05,0,0.0,1,1uA,1V,chronoamp,1,
2,2018-07-24,3.0,0.05,0.99982,0.5,0,3000,0.05,0,0.0,1,1uA,1V,chronoamp,1,
0,2018-07-24,1.0,0.05,0.95471,0.5,0,3000,0.05,0,0.0,1,1uA,1V,chronoamp,2,
1,2018-07-24,2.0,0.05,0.95424,0.5,0,3000,0.05,0,0.0,1,1uA,1V,chronoamp,2,
2,2018-07-24,3.0,0.05,0.95432,0.5,0,3000,0.05,0,0.0,1,1uA,1V,chronoamp,2,
0,2018-07-24,0.5,0.05,0.99982,0.05,0,3000,0.05,0,0.0,2,1uA,1V,chronoamp,1,
1,2018-07-24,1.0,0.05,0.99982,0.05,0,3000,0.05,0,0.0,2,1uA,1V,chronoamp,1,
2,2018-07-24,1.5,0.05,0.99982,0.05,0,3000,0.05,0,0.0,2,1uA,1V,chronoamp,1,
3,2018-07-24,2.0,0.05,0.99982,0.05,0,3000,0.05,0,0.0,2,1uA,1V,chronoamp,1,
4,2018-07-24,2.5,0.05,0.99982,0.05,0,3000,0.05,0,0.0,2,1uA,1V,chronoamp,1,
5,2018-07-24,3.0,0.05,0.99982,0.05,0,3000,0.05,0,0.0,2,1uA,1V,chronoamp,1,
0,2018-07-24,0.5,0.05,0.95455,0.05,0,3000,0.05,0,0.0,2,1uA,1V,chronoamp,2,
1,2018-07-24,1.0,0.05,0.95478,0.05,0,3000,0.05,0,0.0,2,1uA,1V,chronoamp,2,
2,2018-07-24,1.5,0.05,0.9547,0.05,0,3000,0.05,0,0.0,2,1uA,1V,chronoamp,2,
3,2018-07-24,2.0,0.05,0.95489,0.05,0,3000,0.05,0,0.0,2,1uA,1V,chronoamp,2,
4,2018-07-24,2.5,0.05,0.95442,0.05,0,3000,0.05,0,0.0,2,1uA,1V,chronoamp,2,
5,2018-07-24,3.0,0.05,0.95486,0.05,0,3000,0.05,0,0.0,2,1uA,1V,chronoamp,2,
0,2018-07-24,1.0,0.05,0.99982,0.005,0,3000,0.05,0,0.0,1,1uA,1V,chronoamp,1,
1,2018-07-24,2.0,0.05,0.99982,0.005,0,3000,0.05,0,0.0,1,1uA,1V,chronoamp,1,
2,2018-07-24,3.0,0.05,0.99982,0.005,0,3000,0.05,0,0.0,1,1uA,1V,chronoamp,1,
0,2018-07-24,1.0,0.05,0.95408,0.005,0,3000,0.05,0,0.0,1,1uA,1V,chronoamp,2,
1,2018-07-24,2.0,0.05,0.95338,0.005,0,3000,0.05,0,0.0,1,1uA,1V,chronoamp,2,
2,2018-07-24,3.0,0.05,0.95407,0.005,0,3000,0.05,0,0.0,1,1uA,1V,chronoamp,2,
0,2018-07-24,1.0,0.05,0.95481,0.005,0,3000,0.05,0,0.0,1,1uA,1V,chronoamp,2,
1,2018-07-24,2.0,0.05,0.95537,0.005,0,3000,0.05,0,0.0,1,1uA,1V,chronoamp,2,
2,2018-07-24,3.0,0.05,0.95436,0.005,0,3000,0.05,0,0.0,1,1uA,1V,chronoamp,2,
0,2018-07-24,1.0,0.05,0.99982,0.005,0,3000,0.05,0,0.0,1,1uA,1V,chronoamp,1,
1,2018-07-24,2.0,0.05,0.99982,0.005,0,3000,0.05,0,0.0,1,1uA,1V,chronoamp,1,
2,2018-07-24,3.0,0.05,0.99982,0.005,0,3000,0.05,0,0.0,1,1uA,1V,chronoamp,1,
0,2018-07-24,1.0,0.5,9.99868,0.0,0,3000,0.5,0,0.0,1,10uA,1V,chronoamp,2,
1,2018-07-24,2.0,0.5,9.99788,0.0,0,3000,0.5,0,0.0,1,10uA,1V,chronoamp,2,
2,2018-07-24,3.0,0.5,9.99792,0.0,0,3000,0.5,0,0.0,1,10uA,1V,chronoamp,2,
0,2018-07-24,1.0,0.5,9.9984,0.0,0,3000,0.5,0,0.0,1,10uA,1V,chronoamp,2,
1,2018-07-24,2.0,0.5,9.99857,0.0,0,3000,0.5,0,0.0,1,10uA,1V,chronoamp,2,
2,2018-07-24,3.0,0.5,9.99834,0.0,0,3000,0.5,0,0.0,1,10uA,1V,chronoamp,2,
0,2018-07-24,1.0,0.5,9.99853,0.0,0,1000,0.5,0,0.0,1,10uA,1V,chronoamp,2,
0,2018-07-24,0.25,0.5,9.99851,0.0,0,500,0.5,0,0.0,4,10uA,1V,chronoamp,2,
1,2018-07-24,0.5,0.5,9.9981,0.0,0,500,0.5,0,0.0,4,10uA,1V,chronoamp,2,
0,2018-07-24,[1.0],[0.05],[0.95328],0.0,0,0,1000,0.05,0,0.0,1,1uA,1V,chronoamp,2,
1,2018-07-24,[1.0],[0.05],[0.95308],0.0,0,0,1000,0.05,0,0.0,1,1uA,1V,chronoamp,2,
2,2018-07-24,[1.0],[0.05],[0.95321],0.0,0,0,1000,0.05,0,0.0,1,1uA,1V,chronoamp,2,
0,2018-07-24,"[0.333, 0.666, 0.999]","[0.05, 0.05, 0.05]","[0.95381, 0.95446, 0.9537]",0.0,0,0,1000,0.05,0,0.0,3,1uA,1V,chronoamp,2,
1,2018-07-24,"[0.333, 0.666, 0.999]","[0.05, 0.05, 0.05]","[0.95404, 0.95469, 0.95397]",0.0,0,0,1000,0.05,0,0.0,3,1uA,1V,chronoamp,2,
2,2018-07-24,"[0.333, 0.666, 0.999]","[0.05, 0.05, 0.05]","[0.95507, 0.95431, 0.95389]",0.0,0,0,1000,0.05,0,0.0,3,1uA,1V,chronoamp,2,
0,2018-07-24,"[0.333, 0.666, 0.999]","[0.05, 0.05, 0.05]","[0.9534, 0.95314, 0.95328]",0.0,0,0,1000,0.05,0,0.0,3,1uA,1V,chronoamp,2,10sec to 1 sec
1,2018-07-24,"[0.333, 0.666, 0.999]","[0.05, 0.05, 0.05]","[0.95342, 0.9529, 0.95311]",0.0,0,0,1000,0.05,0,0.0,3,1uA,1V,chronoamp,2,10sec to 1 sec
2,2018-07-24,"[0.333, 0.666, 0.999]","[0.05, 0.05, 0.05]","[0.95437, 0.9534, 0.95486]",0.0,0,0,1000,0.05,0,0.0,3,1uA,1V,chronoamp,2,10sec to 1 sec
0,2018-07-24,1.0,0.05,0.95375,0.0,0,0,1000,0.05,0,0.0,1,1uA,1V,chronoamp,2,"10 s, 1s, 1/s"
1,2018-07-24,1.0,0.05,0.95393,0.0,0,0,1000,0.05,0,0.0,1,1uA,1V,chronoamp,2,"10 s, 1s, 1/s"
2,2018-07-24,1.0,0.05,0.95291,0.0,0,0,1000,0.05,0,0.0,1,1uA,1V,chronoamp,2,"10 s, 1s, 1/s"
0,2018-07-24,0.333,0.05,0.95275,0.0,0,0,1000,0.05,0,0.0,3,1uA,1V,chronoamp,2,"10s, 1s, 3/s"
1,2018-07-24,0.666,0.05,0.95334,0.0,0,0,1000,0.05,0,0.0,3,1uA,1V,chronoamp,2,"10s, 1s, 3/s"
2,2018-07-24,0.999,0.05,0.95336,0.0,0,0,1000,0.05,0,0.0,3,1uA,1V,chronoamp,2,"10s, 1s, 3/s"
3,2018-07-24,0.333,0.05,0.95219,0.0,0,0,1000,0.05,0,0.0,3,1uA,1V,chronoamp,2,"10s, 1s, 3/s"
4,2018-07-24,0.666,0.05,0.95293,0.0,0,0,1000,0.05,0,0.0,3,1uA,1V,chronoamp,2,"10s, 1s, 3/s"
5,2018-07-24,0.999,0.05,0.95369,0.0,0,0,1000,0.05,0,0.0,3,1uA,1V,chronoamp,2,"10s, 1s, 3/s"
6,2018-07-24,0.333,0.05,0.95296,0.0,0,0,1000,0.05,0,0.0,3,1uA,1V,chronoamp,2,"10s, 1s, 3/s"
7,2018-07-24,0.666,0.05,0.955,0.0,0,0,1000,0.05,0,0.0,3,1uA,1V,chronoamp,2,"10s, 1s, 3/s"
8,2018-07-24,0.999,0.05,0.95468,0.0,0,0,1000,0.05,0,0.0,3,1uA,1V,chronoamp,2,"10s, 1s, 3/s"
0,2018-07-24,1.0,0.05,0.95272,0.0,0,0,1000,0.05,0,0.0,1,1uA,1V,chronoamp,2,10s 1s 1/s
1,2018-07-24,1.0,0.05,0.95317,0.0,0,0,1000,0.05,0,0.0,1,1uA,1V,chronoamp,2,10s 1s 1/s
2,2018-07-24,1.0,0.05,0.95305,0.0,0,0,1000,0.05,0,0.0,1,1uA,1V,chronoamp,2,10s 1s 1/s
0,2018-07-24,1.0,0.05,0.95484,0.0,0,0,1000,0.05,0,0.0,1,1uA,1V,chronoamp,2,10s 1s 1/s
1,2018-07-24,1.0,0.05,0.9533,0.0,0,0,1000,0.05,0,0.0,1,1uA,1V,chronoamp,2,10s 1s 1/s
2,2018-07-24,1.0,0.05,0.95273,0.0,0,0,1000,0.05,0,0.0,1,1uA,1V,chronoamp,2,10s 1s 1/s
3,2018-07-24,1.0,0.05,0.95301,0.0,0,0,1000,0.05,0,0.0,1,1uA,1V,chronoamp,2,10s 1s 1/s
4,2018-07-24,1.0,0.05,0.95522,0.0,0,0,1000,0.05,0,0.0,1,1uA,1V,chronoamp,2,10s 1s 1/s
5,2018-07-24,1.0,0.05,0.95303,0.0,0,0,1000,0.05,0,0.0,1,1uA,1V,chronoamp,2,10s 1s 1/s
6,2018-07-24,1.0,0.05,0.95401,0.0,0,0,1000,0.05,0,0.0,1,1uA,1V,chronoamp,2,10s 1s 1/s
7,2018-07-24,1.0,0.05,0.95505,0.0,0,0,1000,0.05,0,0.0,1,1uA,1V,chronoamp,2,10s 1s 1/s
8,2018-07-24,1.0,0.05,0.95459,0.0,0,0,1000,0.05,0,0.0,1,1uA,1V,chronoamp,2,10s 1s 1/s
9,2018-07-24,1.0,0.05,0.95595,0.0,0,0,1000,0.05,0,0.0,1,1uA,1V,chronoamp,2,10s 1s 1/s
0,2018-07-24,0.5,0.05,0.95544,0.0,0,0,1000,0.05,0,0.0,2,1uA,1V,chronoamp,2,10s 1s 2/s
1,2018-07-24,1.0,0.05,0.95459,0.0,0,0,1000,0.05,0,0.0,2,1uA,1V,chronoamp,2,10s 1s 2/s
2,2018-07-24,0.5,0.05,0.95547,0.0,0,0,1000,0.05,0,0.0,2,1uA,1V,chronoamp,2,10s 1s 2/s
3,2018-07-24,1.0,0.05,0.95409,0.0,0,0,1000,0.05,0,0.0,2,1uA,1V,chronoamp,2,10s 1s 2/s
4,2018-07-24,0.5,0.05,0.95495,0.0,0,0,1000,0.05,0,0.0,2,1uA,1V,chronoamp,2,10s 1s 2/s
5,2018-07-24,1.0,0.05,0.95466,0.0,0,0,1000,0.05,0,0.0,2,1uA,1V,chronoamp,2,10s 1s 2/s
6,2018-07-24,0.5,0.05,0.95403,0.0,0,0,1000,0.05,0,0.0,2,1uA,1V,chronoamp,2,10s 1s 2/s
7,2018-07-24,1.0,0.05,0.95472,0.0,0,0,1000,0.05,0,0.0,2,1uA,1V,chronoamp,2,10s 1s 2/s
8,2018-07-24,0.5,0.05,0.95342,0.0,0,0,1000,0.05,0,0.0,2,1uA,1V,chronoamp,2,10s 1s 2/s
9,2018-07-24,1.0,0.05,0.95536,0.0,0,0,1000,0.05,0,0.0,2,1uA,1V,chronoamp,2,10s 1s 2/s
10,2018-07-24,0.5,0.05,0.953,0.0,0,0,1000,0.05,0,0.0,2,1uA,1V,chronoamp,2,10s 1s 2/s
11,2018-07-24,1.0,0.05,0.95282,0.0,0,0,1000,0.05,0,0.0,2,1uA,1V,chronoamp,2,10s 1s 2/s
12,2018-07-24,0.5,0.05,0.95271,0.0,0,0,1000,0.05,0,0.0,2,1uA,1V,chronoamp,2,10s 1s 2/s
13,2018-07-24,1.0,0.05,0.95295,0.0,0,0,1000,0.05,0,0.0,2,1uA,1V,chronoamp,2,10s 1s 2/s
14,2018-07-24,0.5,0.05,0.95294,0.0,0,0,1000,0.05,0,0.0,2,1uA,1V,chronoamp,2,10s 1s 2/s
15,2018-07-24,1.0,0.05,0.95473,0.0,0,0,1000,0.05,0,0.0,2,1uA,1V,chronoamp,2,10s 1s 2/s
16,2018-07-24,0.5,0.05,0.9534,0.0,0,0,1000,0.05,0,0.0,2,1uA,1V,chronoamp,2,10s 1s 2/s
17,2018-07-24,1.0,0.05,0.95299,0.0,0,0,1000,0.05,0,0.0,2,1uA,1V,chronoamp,2,10s 1s 2/s
18,2018-07-24,0.5,0.05,0.95316,0.0,0,0,1000,0.05,0,0.0,2,1uA,1V,chronoamp,2,10s 1s 2/s
19,2018-07-24,1.0,0.05,0.95374,0.0,0,0,1000,0.05,0,0.0,2,1uA,1V,chronoamp,2,10s 1s 2/s
0,2018-07-24 13:55:13.128555,2018-07-24 13:55:23.414878,0.333,0.05,0.95169,0.0,0,0,1000,0.05,0,0.0,3,1uA,1V,chronoamp,2,10s 1s 3/s
1,2018-07-24 13:55:13.128555,2018-07-24 13:55:23.414878,0.666,0.05,0.95268,0.0,0,0,1000,0.05,0,0.0,3,1uA,1V,chronoamp,2,10s 1s 3/s
2,2018-07-24 13:55:13.128555,2018-07-24 13:55:23.414878,0.999,0.05,0.95448,0.0,0,0,1000,0.05,0,0.0,3,1uA,1V,chronoamp,2,10s 1s 3/s
3,2018-07-24 13:55:13.128555,2018-07-24 13:55:23.414878,0.333,0.05,0.95207,0.0,0,0,1000,0.05,0,0.0,3,1uA,1V,chronoamp,2,10s 1s 3/s
4,2018-07-24 13:55:13.128555,2018-07-24 13:55:23.414878,0.666,0.05,0.95152,0.0,0,0,1000,0.05,0,0.0,3,1uA,1V,chronoamp,2,10s 1s 3/s
5,2018-07-24 13:55:13.128555,2018-07-24 13:55:23.414878,0.999,0.05,0.95224,0.0,0,0,1000,0.05,0,0.0,3,1uA,1V,chronoamp,2,10s 1s 3/s
6,2018-07-24 13:55:13.128555,2018-07-24 13:55:23.414878,0.333,0.05,0.95237,0.0,0,0,1000,0.05,0,0.0,3,1uA,1V,chronoamp,2,10s 1s 3/s
7,2018-07-24 13:55:13.128555,2018-07-24 13:55:23.414878,0.666,0.05,0.95196,0.0,0,0,1000,0.05,0,0.0,3,1uA,1V,chronoamp,2,10s 1s 3/s
8,2018-07-24 13:55:13.128555,2018-07-24 13:55:23.414878,0.999,0.05,0.95276,0.0,0,0,1000,0.05,0,0.0,3,1uA,1V,chronoamp,2,10s 1s 3/s
9,2018-07-24 13:55:13.128555,2018-07-24 13:55:23.414878,0.333,0.05,0.95292,0.0,0,0,1000,0.05,0,0.0,3,1uA,1V,chronoamp,2,10s 1s 3/s
10,2018-07-24 13:55:13.128555,2018-07-24 13:55:23.414878,0.666,0.05,0.95148,0.0,0,0,1000,0.05,0,0.0,3,1uA,1V,chronoamp,2,10s 1s 3/s
11,2018-07-24 13:55:13.128555,2018-07-24 13:55:23.414878,0.999,0.05,0.95237,0.0,0,0,1000,0.05,0,0.0,3,1uA,1V,chronoamp,2,10s 1s 3/s
12,2018-07-24 13:55:13.128555,2018-07-24 13:55:23.414878,0.333,0.05,0.9542,0.0,0,0,1000,0.05,0,0.0,3,1uA,1V,chronoamp,2,10s 1s 3/s
13,2018-07-24 13:55:13.128555,2018-07-24 13:55:23.414878,0.666,0.05,0.95308,0.0,0,0,1000,0.05,0,0.0,3,1uA,1V,chronoamp,2,10s 1s 3/s
14,2018-07-24 13:55:13.128555,2018-07-24 13:55:23.414878,0.999,0.05,0.95201,0.0,0,0,1000,0.05,0,0.0,3,1uA,1V,chronoamp,2,10s 1s 3/s
15,2018-07-24 13:55:13.128555,2018-07-24 13:55:23.414878,0.333,0.05,0.95211,0.0,0,0,1000,0.05,0,0.0,3,1uA,1V,chronoamp,2,10s 1s 3/s
16,2018-07-24 13:55:13.128555,2018-07-24 13:55:23.414878,0.666,0.05,0.9519,0.0,0,0,1000,0.05,0,0.0,3,1uA,1V,chronoamp,2,10s 1s 3/s
17,2018-07-24 13:55:13.128555,2018-07-24 13:55:23.414878,0.999,0.05,0.95267,0.0,0,0,1000,0.05,0,0.0,3,1uA,1V,chronoamp,2,10s 1s 3/s
18,2018-07-24 13:55:13.128555,2018-07-24 13:55:23.414878,0.333,0.05,0.95251,0.0,0,0,1000,0.05,0,0.0,3,1uA,1V,chronoamp,2,10s 1s 3/s
19,2018-07-24 13:55:13.128555,2018-07-24 13:55:23.414878,0.666,0.05,0.95243,0.0,0,0,1000,0.05,0,0.0,3,1uA,1V,chronoamp,2,10s 1s 3/s
20,2018-07-24 13:55:13.128555,2018-07-24 13:55:23.414878,0.999,0.05,0.95261,0.0,0,0,1000,0.05,0,0.0,3,1uA,1V,chronoamp,2,10s 1s 3/s
21,2018-07-24 13:55:13.128555,2018-07-24 13:55:23.414878,0.333,0.05,0.95512,0.0,0,0,1000,0.05,0,0.0,3,1uA,1V,chronoamp,2,10s 1s 3/s
22,2018-07-24 13:55:13.128555,2018-07-24 13:55:23.414878,0.666,0.05,0.95325,0.0,0,0,1000,0.05,0,0.0,3,1uA,1V,chronoamp,2,10s 1s 3/s
23,2018-07-24 13:55:13.128555,2018-07-24 13:55:23.414878,0.999,0.05,0.95286,0.0,0,0,1000,0.05,0,0.0,3,1uA,1V,chronoamp,2,10s 1s 3/s
24,2018-07-24 13:55:13.128555,2018-07-24 13:55:23.414878,0.333,0.05,0.95292,0.0,0,0,1000,0.05,0,0.0,3,1uA,1V,chronoamp,2,10s 1s 3/s
25,2018-07-24 13:55:13.128555,2018-07-24 13:55:23.414878,0.666,0.05,0.95192,0.0,0,0,1000,0.05,0,0.0,3,1uA,1V,chronoamp,2,10s 1s 3/s
26,2018-07-24 13:55:13.128555,2018-07-24 13:55:23.414878,0.999,0.05,0.95439,0.0,0,0,1000,0.05,0,0.0,3,1uA,1V,chronoamp,2,10s 1s 3/s
27,2018-07-24 13:55:13.128555,2018-07-24 13:55:23.414878,0.333,0.05,0.95277,0.0,0,0,1000,0.05,0,0.0,3,1uA,1V,chronoamp,2,10s 1s 3/s
28,2018-07-24 13:55:13.128555,2018-07-24 13:55:23.414878,0.666,0.05,0.95324,0.0,0,0,1000,0.05,0,0.0,3,1uA,1V,chronoamp,2,10s 1s 3/s
29,2018-07-24 13:55:13.128555,2018-07-24 13:55:23.414878,0.999,0.05,0.95265,0.0,0,0,1000,0.05,0,0.0,3,1uA,1V,chronoamp,2,10s 1s 3/s
0,2018-07-24 13:58:29.044278,2018-07-24 13:58:39.405365,0.333,0.05,0.00659,0.0,0,0,1000,0.05,0,0.0,3,1uA,1V,chronoamp,1,2* 10s 1s /3
1,2018-07-24 13:58:29.044278,2018-07-24 13:58:39.405365,0.666,0.05,0.00694,0.0,0,0,1000,0.05,0,0.0,3,1uA,1V,chronoamp,1,2* 10s 1s /3
2,2018-07-24 13:58:29.044278,2018-07-24 13:58:39.405365,0.999,0.05,0.00699,0.0,0,0,1000,0.05,0,0.0,3,1uA,1V,chronoamp,1,2* 10s 1s /3
3,2018-07-24 13:58:29.044278,2018-07-24 13:58:39.405365,0.333,0.05,0.00666,0.0,0,0,1000,0.05,0,0.0,3,1uA,1V,chronoamp,1,2* 10s 1s /3
4,2018-07-24 13:58:29.044278,2018-07-24 13:58:39.405365,0.666,0.05,0.00683,0.0,0,0,1000,0.05,0,0.0,3,1uA,1V,chronoamp,1,2* 10s 1s /3
5,2018-07-24 13:58:29.044278,2018-07-24 13:58:39.405365,0.999,0.05,0.00706,0.0,0,0,1000,0.05,0,0.0,3,1uA,1V,chronoamp,1,2* 10s 1s /3
6,2018-07-24 13:58:29.044278,2018-07-24 13:58:39.405365,0.333,0.05,0.00646,0.0,0,0,1000,0.05,0,0.0,3,1uA,1V,chronoamp,1,2* 10s 1s /3
7,2018-07-24 13:58:29.044278,2018-07-24 13:58:39.405365,0.666,0.05,0.00658,0.0,0,0,1000,0.05,0,0.0,3,1uA,1V,chronoamp,1,2* 10s 1s /3
8,2018-07-24 13:58:29.044278,2018-07-24 13:58:39.405365,0.999,0.05,0.00636,0.0,0,0,1000,0.05,0,0.0,3,1uA,1V,chronoamp,1,2* 10s 1s /3
9,2018-07-24 13:58:29.044278,2018-07-24 13:58:39.405365,0.333,0.05,0.0072,0.0,0,0,1000,0.05,0,0.0,3,1uA,1V,chronoamp,1,2* 10s 1s /3
10,2018-07-24 13:58:29.044278,2018-07-24 13:58:39.405365,0.666,0.05,0.00637,0.0,0,0,1000,0.05,0,0.0,3,1uA,1V,chronoamp,1,2* 10s 1s /3
11,2018-07-24 13:58:29.044278,2018-07-24 13:58:39.405365,0.999,0.05,0.00657,0.0,0,0,1000,0.05,0,0.0,3,1uA,1V,chronoamp,1,2* 10s 1s /3
12,2018-07-24 13:58:29.044278,2018-07-24 13:58:39.405365,0.333,0.05,0.00717,0.0,0,0,1000,0.05,0,0.0,3,1uA,1V,chronoamp,1,2* 10s 1s /3
13,2018-07-24 13:58:29.044278,2018-07-24 13:58:39.405365,0.666,0.05,0.0063,0.0,0,0,1000,0.05,0,0.0,3,1uA,1V,chronoamp,1,2* 10s 1s /3
14,2018-07-24 13:58:29.044278,2018-07-24 13:58:39.405365,0.999,0.05,0.00649,0.0,0,0,1000,0.05,0,0.0,3,1uA,1V,chronoamp,1,2* 10s 1s /3
15,2018-07-24 13:58:29.044278,2018-07-24 13:58:39.405365,0.333,0.05,0.00732,0.0,0,0,1000,0.05,0,0.0,3,1uA,1V,chronoamp,1,2* 10s 1s /3
16,2018-07-24 13:58:29.044278,2018-07-24 13:58:39.405365,0.666,0.05,0.00695,0.0,0,0,1000,0.05,0,0.0,3,1uA,1V,chronoamp,1,2* 10s 1s /3
17,2018-07-24 13:58:29.044278,2018-07-24 13:58:39.405365,0.999,0.05,0.00716,0.0,0,0,1000,0.05,0,0.0,3,1uA,1V,chronoamp,1,2* 10s 1s /3
18,2018-07-24 13:58:29.044278,2018-07-24 13:58:39.405365,0.333,0.05,0.00684,0.0,0,0,1000,0.05,0,0.0,3,1uA,1V,chronoamp,1,2* 10s 1s /3
19,2018-07-24 13:58:29.044278,2018-07-24 13:58:39.405365,0.666,0.05,0.00635,0.0,0,0,1000,0.05,0,0.0,3,1uA,1V,chronoamp,1,2* 10s 1s /3
20,2018-07-24 13:58:29.044278,2018-07-24 13:58:39.405365,0.999,0.05,0.00717,0.0,0,0,1000,0.05,0,0.0,3,1uA,1V,chronoamp,1,2* 10s 1s /3
21,2018-07-24 13:58:29.044278,2018-07-24 13:58:39.405365,0.333,0.05,0.00644,0.0,0,0,1000,0.05,0,0.0,3,1uA,1V,chronoamp,1,2* 10s 1s /3
22,2018-07-24 13:58:29.044278,2018-07-24 13:58:39.405365,0.666,0.05,0.00656,0.0,0,0,1000,0.05,0,0.0,3,1uA,1V,chronoamp,1,2* 10s 1s /3
23,2018-07-24 13:58:29.044278,2018-07-24 13:58:39.405365,0.999,0.05,0.00678,0.0,0,0,1000,0.05,0,0.0,3,1uA,1V,chronoamp,1,2* 10s 1s /3
24,2018-07-24 13:58:29.044278,2018-07-24 13:58:39.405365,0.333,0.05,0.00685,0.0,0,0,1000,0.05,0,0.0,3,1uA,1V,chronoamp,1,2* 10s 1s /3
25,2018-07-24 13:58:29.044278,2018-07-24 13:58:39.405365,0.666,0.05,0.00684,0.0,0,0,1000,0.05,0,0.0,3,1uA,1V,chronoamp,1,2* 10s 1s /3
26,2018-07-24 13:58:29.044278,2018-07-24 13:58:39.405365,0.999,0.05,0.0072,0.0,0,0,1000,0.05,0,0.0,3,1uA,1V,chronoamp,1,2* 10s 1s /3
27,2018-07-24 13:58:29.044278,2018-07-24 13:58:39.405365,0.333,0.05,0.00691,0.0,0,0,1000,0.05,0,0.0,3,1uA,1V,chronoamp,1,2* 10s 1s /3
28,2018-07-24 13:58:29.044278,2018-07-24 13:58:39.405365,0.666,0.05,0.00696,0.0,0,0,1000,0.05,0,0.0,3,1uA,1V,chronoamp,1,2* 10s 1s /3
29,2018-07-24 13:58:29.044278,2018-07-24 13:58:39.405365,0.999,0.05,0.00666,0.0,0,0,1000,0.05,0,0.0,3,1uA,1V,chronoamp,1,2* 10s 1s /3
0,2018-07-24 13:58:29.044876,2018-07-24 13:58:39.406134,0.333,0.05,0.95347,0.0,0,0,1000,0.05,0,0.0,3,1uA,1V,chronoamp,2,2* 10s 1s /3
1,2018-07-24 13:58:29.044876,2018-07-24 13:58:39.406134,0.666,0.05,0.95243,0.0,0,0,1000,0.05,0,0.0,3,1uA,1V,chronoamp,2,2* 10s 1s /3
2,2018-07-24 13:58:29.044876,2018-07-24 13:58:39.406134,0.999,0.05,0.95269,0.0,0,0,1000,0.05,0,0.0,3,1uA,1V,chronoamp,2,2* 10s 1s /3
3,2018-07-24 13:58:29.044876,2018-07-24 13:58:39.406134,0.333,0.05,0.95192,0.0,0,0,1000,0.05,0,0.0,3,1uA,1V,chronoamp,2,2* 10s 1s /3
4,2018-07-24 13:58:29.044876,2018-07-24 13:58:39.406134,0.666,0.05,0.9536,0.0,0,0,1000,0.05,0,0.0,3,1uA,1V,chronoamp,2,2* 10s 1s /3
5,2018-07-24 13:58:29.044876,2018-07-24 13:58:39.406134,0.999,0.05,0.95284,0.0,0,0,1000,0.05,0,0.0,3,1uA,1V,chronoamp,2,2* 10s 1s /3
6,2018-07-24 13:58:29.044876,2018-07-24 13:58:39.406134,0.333,0.05,0.95297,0.0,0,0,1000,0.05,0,0.0,3,1uA,1V,chronoamp,2,2* 10s 1s /3
7,2018-07-24 13:58:29.044876,2018-07-24 13:58:39.406134,0.666,0.05,0.95328,0.0,0,0,1000,0.05,0,0.0,3,1uA,1V,chronoamp,2,2* 10s 1s /3
8,2018-07-24 13:58:29.044876,2018-07-24 13:58:39.406134,0.999,0.05,0.95256,0.0,0,0,1000,0.05,0,0.0,3,1uA,1V,chronoamp,2,2* 10s 1s /3
9,2018-07-24 13:58:29.044876,2018-07-24 13:58:39.406134,0.333,0.05,0.95339,0.0,0,0,1000,0.05,0,0.0,3,1uA,1V,chronoamp,2,2* 10s 1s /3
10,2018-07-24 13:58:29.044876,2018-07-24 13:58:39.406134,0.666,0.05,0.95281,0.0,0,0,1000,0.05,0,0.0,3,1uA,1V,chronoamp,2,2* 10s 1s /3
11,2018-07-24 13:58:29.044876,2018-07-24 13:58:39.406134,0.999,0.05,0.95361,0.0,0,0,1000,0.05,0,0.0,3,1uA,1V,chronoamp,2,2* 10s 1s /3
12,2018-07-24 13:58:29.044876,2018-07-24 13:58:39.406134,0.333,0.05,0.95197,0.0,0,0,1000,0.05,0,0.0,3,1uA,1V,chronoamp,2,2* 10s 1s /3
13,2018-07-24 13:58:29.044876,2018-07-24 13:58:39.406134,0.666,0.05,0.95223,0.0,0,0,1000,0.05,0,0.0,3,1uA,1V,chronoamp,2,2* 10s 1s /3
14,2018-07-24 13:58:29.044876,2018-07-24 13:58:39.406134,0.999,0.05,0.95251,0.0,0,0,1000,0.05,0,0.0,3,1uA,1V,chronoamp,2,2* 10s 1s /3
15,2018-07-24 13:58:29.044876,2018-07-24 13:58:39.406134,0.333,0.05,0.95278,0.0,0,0,1000,0.05,0,0.0,3,1uA,1V,chronoamp,2,2* 10s 1s /3
16,2018-07-24 13:58:29.044876,2018-07-24 13:58:39.406134,0.666,0.05,0.95279,0.0,0,0,1000,0.05,0,0.0,3,1uA,1V,chronoamp,2,2* 10s 1s /3
17,2018-07-24 13:58:29.044876,2018-07-24 13:58:39.406134,0.999,0.05,0.9537,0.0,0,0,1000,0.05,0,0.0,3,1uA,1V,chronoamp,2,2* 10s 1s /3
18,2018-07-24 13:58:29.044876,2018-07-24 13:58:39.406134,0.333,0.05,0.95364,0.0,0,0,1000,0.05,0,0.0,3,1uA,1V,chronoamp,2,2* 10s 1s /3
19,2018-07-24 13:58:29.044876,2018-07-24 13:58:39.406134,0.666,0.05,0.95508,0.0,0,0,1000,0.05,0,0.0,3,1uA,1V,chronoamp,2,2* 10s 1s /3
20,2018-07-24 13:58:29.044876,2018-07-24 13:58:39.406134,0.999,0.05,0.95341,0.0,0,0,1000,0.05,0,0.0,3,1uA,1V,chronoamp,2,2* 10s 1s /3
21,2018-07-24 13:58:29.044876,2018-07-24 13:58:39.406134,0.333,0.05,0.95401,0.0,0,0,1000,0.05,0,0.0,3,1uA,1V,chronoamp,2,2* 10s 1s /3
22,2018-07-24 13:58:29.044876,2018-07-24 13:58:39.406134,0.666,0.05,0.95381,0.0,0,0,1000,0.05,0,0.0,3,1uA,1V,chronoamp,2,2* 10s 1s /3
23,2018-07-24 13:58:29.044876,2018-07-24 13:58:39.406134,0.999,0.05,0.95403,0.0,0,0,1000,0.05,0,0.0,3,1uA,1V,chronoamp,2,2* 10s 1s /3
24,2018-07-24 13:58:29.044876,2018-07-24 13:58:39.406134,0.333,0.05,0.9538,0.0,0,0,1000,0.05,0,0.0,3,1uA,1V,chronoamp,2,2* 10s 1s /3
25,2018-07-24 13:58:29.044876,2018-07-24 13:58:39.406134,0.666,0.05,0.95224,0.0,0,0,1000,0.05,0,0.0,3,1uA,1V,chronoamp,2,2* 10s 1s /3
26,2018-07-24 13:58:29.044876,2018-07-24 13:58:39.406134,0.999,0.05,0.95226,0.0,0,0,1000,0.05,0,0.0,3,1uA,1V,chronoamp,2,2* 10s 1s /3
27,2018-07-24 13:58:29.044876,2018-07-24 13:58:39.406134,0.333,0.05,0.95256,0.0,0,0,1000,0.05,0,0.0,3,1uA,1V,chronoamp,2,2* 10s 1s /3
28,2018-07-24 13:58:29.044876,2018-07-24 13:58:39.406134,0.666,0.05,0.95292,0.0,0,0,1000,0.05,0,0.0,3,1uA,1V,chronoamp,2,2* 10s 1s /3
29,2018-07-24 13:58:29.044876,2018-07-24 13:58:39.406134,0.999,0.05,0.95251,0.0,0,0,1000,0.05,0,0.0,3,1uA,1V,chronoamp,2,2* 10s 1s /3
0,2018-07-24 14:16:24.198878,2018-07-24 14:16:34.436681,0.333,0.05,0.00724,0.0,0,0,1000,0.05,0,0.0,3,1uA,1V,chronoamp,1,
1,2018-07-24 14:16:24.198878,2018-07-24 14:16:34.436681,0.666,0.05,0.00679,0.0,0,0,1000,0.05,0,0.0,3,1uA,1V,chronoamp,1,
2,2018-07-24 14:16:24.198878,2018-07-24 14:16:34.436681,0.999,0.05,0.00646,0.0,0,0,1000,0.05,0,0.0,3,1uA,1V,chronoamp,1,
3,2018-07-24 14:16:24.198878,2018-07-24 14:16:34.436681,0.333,0.05,0.00662,0.0,0,0,1000,0.05,0,0.0,3,1uA,1V,chronoamp,1,
4,2018-07-24 14:16:24.198878,2018-07-24 14:16:34.436681,0.666,0.05,0.00696,0.0,0,0,1000,0.05,0,0.0,3,1uA,1V,chronoamp,1,
5,2018-07-24 14:16:24.198878,2018-07-24 14:16:34.436681,0.999,0.05,0.00682,0.0,0,0,1000,0.05,0,0.0,3,1uA,1V,chronoamp,1,
6,2018-07-24 14:16:24.198878,2018-07-24 14:16:34.436681,0.333,0.05,0.00683,0.0,0,0,1000,0.05,0,0.0,3,1uA,1V,chronoamp,1,
7,2018-07-24 14:16:24.198878,2018-07-24 14:16:34.436681,0.666,0.05,0.00695,0.0,0,0,1000,0.05,0,0.0,3,1uA,1V,chronoamp,1,
8,2018-07-24 14:16:24.198878,2018-07-24 14:16:34.436681,0.999,0.05,0.00702,0.0,0,0,1000,0.05,0,0.0,3,1uA,1V,chronoamp,1,
9,2018-07-24 14:16:24.198878,2018-07-24 14:16:34.436681,0.333,0.05,0.00703,0.0,0,0,1000,0.05,0,0.0,3,1uA,1V,chronoamp,1,
10,2018-07-24 14:16:24.198878,2018-07-24 14:16:34.436681,0.666,0.05,0.00662,0.0,0,0,1000,0.05,0,0.0,3,1uA,1V,chronoamp,1,
11,2018-07-24 14:16:24.198878,2018-07-24 14:16:34.436681,0.999,0.05,0.00672,0.0,0,0,1000,0.05,0,0.0,3,1uA,1V,chronoamp,1,
12,2018-07-24 14:16:24.198878,2018-07-24 14:16:34.436681,0.333,0.05,0.00641,0.0,0,0,1000,0.05,0,0.0,3,1uA,1V,chronoamp,1,
13,2018-07-24 14:16:24.198878,2018-07-24 14:16:34.436681,0.666,0.05,0.0069,0.0,0,0,1000,0.05,0,0.0,3,1uA,1V,chronoamp,1,
14,2018-07-24 14:16:24.198878,2018-07-24 14:16:34.436681,0.999,0.05,0.00629,0.0,0,0,1000,0.05,0,0.0,3,1uA,1V,chronoamp,1,
15,2018-07-24 14:16:24.198878,2018-07-24 14:16:34.436681,0.333,0.05,0.0065,0.0,0,0,1000,0.05,0,0.0,3,1uA,1V,chronoamp,1,
16,2018-07-24 14:16:24.198878,2018-07-24 14:16:34.436681,0.666,0.05,0.00699,0.0,0,0,1000,0.05,0,0.0,3,1uA,1V,chronoamp,1,
17,2018-07-24 14:16:24.198878,2018-07-24 14:16:34.436681,0.999,0.05,0.00685,0.0,0,0,1000,0.05,0,0.0,3,1uA,1V,chronoamp,1,
18,2018-07-24 14:16:24.198878,2018-07-24 14:16:34.436681,0.333,0.05,0.00676,0.0,0,0,1000,0.05,0,0.0,3,1uA,1V,chronoamp,1,
19,2018-07-24 14:16:24.198878,2018-07-24 14:16:34.436681,0.666,0.05,0.00684,0.0,0,0,1000,0.05,0,0.0,3,1uA,1V,chronoamp,1,
20,2018-07-24 14:16:24.198878,2018-07-24 14:16:34.436681,0.999,0.05,0.00703,0.0,0,0,1000,0.05,0,0.0,3,1uA,1V,chronoamp,1,
21,2018-07-24 14:16:24.198878,2018-07-24 14:16:34.436681,0.333,0.05,0.00721,0.0,0,0,1000,0.05,0,0.0,3,1uA,1V,chronoamp,1,
22,2018-07-24 14:16:24.198878,2018-07-24 14:16:34.436681,0.666,0.05,0.00695,0.0,0,0,1000,0.05,0,0.0,3,1uA,1V,chronoamp,1,
23,2018-07-24 14:16:24.198878,2018-07-24 14:16:34.436681,0.999,0.05,0.0067,0.0,0,0,1000,0.05,0,0.0,3,1uA,1V,chronoamp,1,
24,2018-07-24 14:16:24.198878,2018-07-24 14:16:34.436681,0.333,0.05,0.00674,0.0,0,0,1000,0.05,0,0.0,3,1uA,1V,chronoamp,1,
25,2018-07-24 14:16:24.198878,2018-07-24 14:16:34.436681,0.666,0.05,0.00643,0.0,0,0,1000,0.05,0,0.0,3,1uA,1V,chronoamp,1,
26,2018-07-24 14:16:24.198878,2018-07-24 14:16:34.436681,0.999,0.05,0.0064,0.0,0,0,1000,0.05,0,0.0,3,1uA,1V,chronoamp,1,
27,2018-07-24 14:16:24.198878,2018-07-24 14:16:34.436681,0.333,0.05,0.00717,0.0,0,0,1000,0.05,0,0.0,3,1uA,1V,chronoamp,1,
28,2018-07-24 14:16:24.198878,2018-07-24 14:16:34.436681,0.666,0.05,0.0069,0.0,0,0,1000,0.05,0,0.0,3,1uA,1V,chronoamp,1,
29,2018-07-24 14:16:24.198878,2018-07-24 14:16:34.436681,0.999,0.05,0.00667,0.0,0,0,1000,0.05,0,0.0,3,1uA,1V,chronoamp,1,
0,2018-07-24 14:16:24.200124,2018-07-24 14:16:34.441500,0.333,0.05,0.95116,0.0,0,0,1000,0.05,0,0.0,3,1uA,1V,chronoamp,2,
1,2018-07-24 14:16:24.200124,2018-07-24 14:16:34.441500,0.666,0.05,0.95198,0.0,0,0,1000,0.05,0,0.0,3,1uA,1V,chronoamp,2,
2,2018-07-24 14:16:24.200124,2018-07-24 14:16:34.441500,0.999,0.05,0.95183,0.0,0,0,1000,0.05,0,0.0,3,1uA,1V,chronoamp,2,
3,2018-07-24 14:16:24.200124,2018-07-24 14:16:34.441500,0.333,0.05,0.95268,0.0,0,0,1000,0.05,0,0.0,3,1uA,1V,chronoamp,2,
4,2018-07-24 14:16:24.200124,2018-07-24 14:16:34.441500,0.666,0.05,0.95244,0.0,0,0,1000,0.05,0,0.0,3,1uA,1V,chronoamp,2,
5,2018-07-24 14:16:24.200124,2018-07-24 14:16:34.441500,0.999,0.05,0.95349,0.0,0,0,1000,0.05,0,0.0,3,1uA,1V,chronoamp,2,
6,2018-07-24 14:16:24.200124,2018-07-24 14:16:34.441500,0.333,0.05,0.95346,0.0,0,0,1000,0.05,0,0.0,3,1uA,1V,chronoamp,2,
7,2018-07-24 14:16:24.200124,2018-07-24 14:16:34.441500,0.666,0.05,0.95224,0.0,0,0,1000,0.05,0,0.0,3,1uA,1V,chronoamp,2,
8,2018-07-24 14:16:24.200124,2018-07-24 14:16:34.441500,0.999,0.05,0.95334,0.0,0,0,1000,0.05,0,0.0,3,1uA,1V,chronoamp,2,
9,2018-07-24 14:16:24.200124,2018-07-24 14:16:34.441500,0.333,0.05,0.95187,0.0,0,0,1000,0.05,0,0.0,3,1uA,1V,chronoamp,2,
10,2018-07-24 14:16:24.200124,2018-07-24 14:16:34.441500,0.666,0.05,0.95412,0.0,0,0,1000,0.05,0,0.0,3,1uA,1V,chronoamp,2,
11,2018-07-24 14:16:24.200124,2018-07-24 14:16:34.441500,0.999,0.05,0.9545,0.0,0,0,1000,0.05,0,0.0,3,1uA,1V,chronoamp,2,
12,2018-07-24 14:16:24.200124,2018-07-24 14:16:34.441500,0.333,0.05,0.95244,0.0,0,0,1000,0.05,0,0.0,3,1uA,1V,chronoamp,2,
13,2018-07-24 14:16:24.200124,2018-07-24 14:16:34.441500,0.666,0.05,0.95318,0.0,0,0,1000,0.05,0,0.0,3,1uA,1V,chronoamp,2,
14,2018-07-24 14:16:24.200124,2018-07-24 14:16:34.441500,0.999,0.05,0.95297,0.0,0,0,1000,0.05,0,0.0,3,1uA,1V,chronoamp,2,
15,2018-07-24 14:16:24.200124,2018-07-24 14:16:34.441500,0.333,0.05,0.95242,0.0,0,0,1000,0.05,0,0.0,3,1uA,1V,chronoamp,2,
16,2018-07-24 14:16:24.200124,2018-07-24 14:16:34.441500,0.666,0.05,0.95194,0.0,0,0,1000,0.05,0,0.0,3,1uA,1V,chronoamp,2,
17,2018-07-24 14:16:24.200124,2018-07-24 14:16:34.441500,0.999,0.05,0.95254,0.0,0,0,1000,0.05,0,0.0,3,1uA,1V,chronoamp,2,
18,2018-07-24 14:16:24.200124,2018-07-24 14:16:34.441500,0.333,0.05,0.95345,0.0,0,0,1000,0.05,0,0.0,3,1uA,1V,chronoamp,2,
19,2018-07-24 14:16:24.200124,2018-07-24 14:16:34.441500,0.666,0.05,0.9529,0.0,0,0,1000,0.05,0,0.0,3,1uA,1V,chronoamp,2,
20,2018-07-24 14:16:24.200124,2018-07-24 14:16:34.441500,0.999,0.05,0.95257,0.0,0,0,1000,0.05,0,0.0,3,1uA,1V,chronoamp,2,
21,2018-07-24 14:16:24.200124,2018-07-24 14:16:34.441500,0.333,0.05,0.95262,0.0,0,0,1000,0.05,0,0.0,3,1uA,1V,chronoamp,2,
22,2018-07-24 14:16:24.200124,2018-07-24 14:16:34.441500,0.666,0.05,0.95347,0.0,0,0,1000,0.05,0,0.0,3,1uA,1V,chronoamp,2,
23,2018-07-24 14:16:24.200124,2018-07-24 14:16:34.441500,0.999,0.05,0.95338,0.0,0,0,1000,0.05,0,0.0,3,1uA,1V,chronoamp,2,
24,2018-07-24 14:16:24.200124,2018-07-24 14:16:34.441500,0.333,0.05,0.95347,0.0,0,0,1000,0.05,0,0.0,3,1uA,1V,chronoamp,2,
25,2018-07-24 14:16:24.200124,2018-07-24 14:16:34.441500,0.666,0.05,0.95354,0.0,0,0,1000,0.05,0,0.0,3,1uA,1V,chronoamp,2,
26,2018-07-24 14:16:24.200124,2018-07-24 14:16:34.441500,0.999,0.05,0.95331,0.0,0,0,1000,0.05,0,0.0,3,1uA,1V,chronoamp,2,
27,2018-07-24 14:16:24.200124,2018-07-24 14:16:34.441500,0.333,0.05,0.95264,0.0,0,0,1000,0.05,0,0.0,3,1uA,1V,chronoamp,2,
28,2018-07-24 14:16:24.200124,2018-07-24 14:16:34.441500,0.666,0.05,0.95461,0.0,0,0,1000,0.05,0,0.0,3,1uA,1V,chronoamp,2,
29,2018-07-24 14:16:24.200124,2018-07-24 14:16:34.441500,0.999,0.05,0.95291,0.0,0,0,1000,0.05,0,0.0,3,1uA,1V,chronoamp,2,
0,2018-07-24 14:39:41.746132,2018-07-24 14:39:52.131923,0.25,0.05,0.0063,0.0,0,0,1000,0.05,0,0.0,4,1uA,1V,chronoamp,1,alex
1,2018-07-24 14:39:41.746132,2018-07-24 14:39:52.131923,0.5,0.05,0.00654,0.0,0,0,1000,0.05,0,0.0,4,1uA,1V,chronoamp,1,alex
2,2018-07-24 14:39:41.746132,2018-07-24 14:39:52.131923,0.75,0.05,0.00641,0.0,0,0,1000,0.05,0,0.0,4,1uA,1V,chronoamp,1,alex
3,2018-07-24 14:39:41.746132,2018-07-24 14:39:52.131923,1.0,0.05,0.00713,0.0,0,0,1000,0.05,0,0.0,4,1uA,1V,chronoamp,1,alex
4,2018-07-24 14:39:41.746132,2018-07-24 14:39:52.131923,0.25,0.05,0.00674,0.0,0,0,1000,0.05,0,0.0,4,1uA,1V,chronoamp,1,alex
5,2018-07-24 14:39:41.746132,2018-07-24 14:39:52.131923,0.5,0.05,0.00644,0.0,0,0,1000,0.05,0,0.0,4,1uA,1V,chronoamp,1,alex
6,2018-07-24 14:39:41.746132,2018-07-24 14:39:52.131923,0.75,0.05,0.00666,0.0,0,0,1000,0.05,0,0.0,4,1uA,1V,chronoamp,1,alex
7,2018-07-24 14:39:41.746132,2018-07-24 14:39:52.131923,1.0,0.05,0.00696,0.0,0,0,1000,0.05,0,0.0,4,1uA,1V,chronoamp,1,alex
8,2018-07-24 14:39:41.746132,2018-07-24 14:39:52.131923,0.25,0.05,0.00645,0.0,0,0,1000,0.05,0,0.0,4,1uA,1V,chronoamp,1,alex
9,2018-07-24 14:39:41.746132,2018-07-24 14:39:52.131923,0.5,0.05,0.00694,0.0,0,0,1000,0.05,0,0.0,4,1uA,1V,chronoamp,1,alex
10,2018-07-24 14:39:41.746132,2018-07-24 14:39:52.131923,0.75,0.05,0.00662,0.0,0,0,1000,0.05,0,0.0,4,1uA,1V,chronoamp,1,alex
11,2018-07-24 14:39:41.746132,2018-07-24 14:39:52.131923,1.0,0.05,0.00675,0.0,0,0,1000,0.05,0,0.0,4,1uA,1V,chronoamp,1,alex
12,2018-07-24 14:39:41.746132,2018-07-24 14:39:52.131923,0.25,0.05,0.00649,0.0,0,0,1000,0.05,0,0.0,4,1uA,1V,chronoamp,1,alex
13,2018-07-24 14:39:41.746132,2018-07-24 14:39:52.131923,0.5,0.05,0.00724,0.0,0,0,1000,0.05,0,0.0,4,1uA,1V,chronoamp,1,alex
14,2018-07-24 14:39:41.746132,2018-07-24 14:39:52.131923,0.75,0.05,0.00625,0.0,0,0,1000,0.05,0,0.0,4,1uA,1V,chronoamp,1,alex
15,2018-07-24 14:39:41.746132,2018-07-24 14:39:52.131923,1.0,0.05,0.0067,0.0,0,0,1000,0.05,0,0.0,4,1uA,1V,chronoamp,1,alex
16,2018-07-24 14:39:41.746132,2018-07-24 14:39:52.131923,0.25,0.05,0.00669,0.0,0,0,1000,0.05,0,0.0,4,1uA,1V,chronoamp,1,alex
17,2018-07-24 14:39:41.746132,2018-07-24 14:39:52.131923,0.5,0.05,0.00674,0.0,0,0,1000,0.05,0,0.0,4,1uA,1V,chronoamp,1,alex
18,2018-07-24 14:39:41.746132,2018-07-24 14:39:52.131923,0.75,0.05,0.00689,0.0,0,0,1000,0.05,0,0.0,4,1uA,1V,chronoamp,1,alex
19,2018-07-24 14:39:41.746132,2018-07-24 14:39:52.131923,1.0,0.05,0.00661,0.0,0,0,1000,0.05,0,0.0,4,1uA,1V,chronoamp,1,alex
20,2018-07-24 14:39:41.746132,2018-07-24 14:39:52.131923,0.25,0.05,0.00707,0.0,0,0,1000,0.05,0,0.0,4,1uA,1V,chronoamp,1,alex
21,2018-07-24 14:39:41.746132,2018-07-24 14:39:52.131923,0.5,0.05,0.00679,0.0,0,0,1000,0.05,0,0.0,4,1uA,1V,chronoamp,1,alex
22,2018-07-24 14:39:41.746132,2018-07-24 14:39:52.131923,0.75,0.05,0.00703,0.0,0,0,1000,0.05,0,0.0,4,1uA,1V,chronoamp,1,alex
23,2018-07-24 14:39:41.746132,2018-07-24 14:39:52.131923,1.0,0.05,0.00703,0.0,0,0,1000,0.05,0,0.0,4,1uA,1V,chronoamp,1,alex
24,2018-07-24 14:39:41.746132,2018-07-24 14:39:52.131923,0.25,0.05,0.00689,0.0,0,0,1000,0.05,0,0.0,4,1uA,1V,chronoamp,1,alex
25,2018-07-24 14:39:41.746132,2018-07-24 14:39:52.131923,0.5,0.05,0.00654,0.0,0,0,1000,0.05,0,0.0,4,1uA,1V,chronoamp,1,alex
26,2018-07-24 14:39:41.746132,2018-07-24 14:39:52.131923,0.75,0.05,0.00707,0.0,0,0,1000,0.05,0,0.0,4,1uA,1V,chronoamp,1,alex
27,2018-07-24 14:39:41.746132,2018-07-24 14:39:52.131923,1.0,0.05,0.00681,0.0,0,0,1000,0.05,0,0.0,4,1uA,1V,chronoamp,1,alex
28,2018-07-24 14:39:41.746132,2018-07-24 14:39:52.131923,0.25,0.05,0.00645,0.0,0,0,1000,0.05,0,0.0,4,1uA,1V,chronoamp,1,alex
29,2018-07-24 14:39:41.746132,2018-07-24 14:39:52.131923,0.5,0.05,0.00695,0.0,0,0,1000,0.05,0,0.0,4,1uA,1V,chronoamp,1,alex
30,2018-07-24 14:39:41.746132,2018-07-24 14:39:52.131923,0.75,0.05,0.00667,0.0,0,0,1000,0.05,0,0.0,4,1uA,1V,chronoamp,1,alex
31,2018-07-24 14:39:41.746132,2018-07-24 14:39:52.131923,1.0,0.05,0.00701,0.0,0,0,1000,0.05,0,0.0,4,1uA,1V,chronoamp,1,alex
32,2018-07-24 14:39:41.746132,2018-07-24 14:39:52.131923,0.25,0.05,0.00718,0.0,0,0,1000,0.05,0,0.0,4,1uA,1V,chronoamp,1,alex
33,2018-07-24 14:39:41.746132,2018-07-24 14:39:52.131923,0.5,0.05,0.00673,0.0,0,0,1000,0.05,0,0.0,4,1uA,1V,chronoamp,1,alex
34,2018-07-24 14:39:41.746132,2018-07-24 14:39:52.131923,0.75,0.05,0.00728,0.0,0,0,1000,0.05,0,0.0,4,1uA,1V,chronoamp,1,alex
35,2018-07-24 14:39:41.746132,2018-07-24 14:39:52.131923,1.0,0.05,0.00673,0.0,0,0,1000,0.05,0,0.0,4,1uA,1V,chronoamp,1,alex
36,2018-07-24 14:39:41.746132,2018-07-24 14:39:52.131923,0.25,0.05,0.00628,0.0,0,0,1000,0.05,0,0.0,4,1uA,1V,chronoamp,1,alex
37,2018-07-24 14:39:41.746132,2018-07-24 14:39:52.131923,0.5,0.05,0.00688,0.0,0,0,1000,0.05,0,0.0,4,1uA,1V,chronoamp,1,alex
38,2018-07-24 14:39:41.746132,2018-07-24 14:39:52.131923,0.75,0.05,0.00682,0.0,0,0,1000,0.05,0,0.0,4,1uA,1V,chronoamp,1,alex
39,2018-07-24 14:39:41.746132,2018-07-24 14:39:52.131923,1.0,0.05,0.0062,0.0,0,0,1000,0.05,0,0.0,4,1uA,1V,chronoamp,1,alex
0,2018-07-24 14:39:41.747542,2018-07-24 14:39:52.133309,0.25,0.05,0.95263,0.0,0,0,1000,0.05,0,0.0,4,1uA,1V,chronoamp,2,alex
1,2018-07-24 14:39:41.747542,2018-07-24 14:39:52.133309,0.5,0.05,0.95333,0.0,0,0,1000,0.05,0,0.0,4,1uA,1V,chronoamp,2,alex
2,2018-07-24 14:39:41.747542,2018-07-24 14:39:52.133309,0.75,0.05,0.95481,0.0,0,0,1000,0.05,0,0.0,4,1uA,1V,chronoamp,2,alex
3,2018-07-24 14:39:41.747542,2018-07-24 14:39:52.133309,1.0,0.05,0.95517,0.0,0,0,1000,0.05,0,0.0,4,1uA,1V,chronoamp,2,alex
4,2018-07-24 14:39:41.747542,2018-07-24 14:39:52.133309,0.25,0.05,0.95281,0.0,0,0,1000,0.05,0,0.0,4,1uA,1V,chronoamp,2,alex
5,2018-07-24 14:39:41.747542,2018-07-24 14:39:52.133309,0.5,0.05,0.95309,0.0,0,0,1000,0.05,0,0.0,4,1uA,1V,chronoamp,2,alex
6,2018-07-24 14:39:41.747542,2018-07-24 14:39:52.133309,0.75,0.05,0.95342,0.0,0,0,1000,0.05,0,0.0,4,1uA,1V,chronoamp,2,alex
7,2018-07-24 14:39:41.747542,2018-07-24 14:39:52.133309,1.0,0.05,0.95431,0.0,0,0,1000,0.05,0,0.0,4,1uA,1V,chronoamp,2,alex
8,2018-07-24 14:39:41.747542,2018-07-24 14:39:52.133309,0.25,0.05,0.95438,0.0,0,0,1000,0.05,0,0.0,4,1uA,1V,chronoamp,2,alex
9,2018-07-24 14:39:41.747542,2018-07-24 14:39:52.133309,0.5,0.05,0.95522,0.0,0,0,1000,0.05,0,0.0,4,1uA,1V,chronoamp,2,alex
10,2018-07-24 14:39:41.747542,2018-07-24 14:39:52.133309,0.75,0.05,0.95449,0.0,0,0,1000,0.05,0,0.0,4,1uA,1V,chronoamp,2,alex
11,2018-07-24 14:39:41.747542,2018-07-24 14:39:52.133309,1.0,0.05,0.9543,0.0,0,0,1000,0.05,0,0.0,4,1uA,1V,chronoamp,2,alex
12,2018-07-24 14:39:41.747542,2018-07-24 14:39:52.133309,0.25,0.05,0.95411,0.0,0,0,1000,0.05,0,0.0,4,1uA,1V,chronoamp,2,alex
13,2018-07-24 14:39:41.747542,2018-07-24 14:39:52.133309,0.5,0.05,0.95459,0.0,0,0,1000,0.05,0,0.0,4,1uA,1V,chronoamp,2,alex
14,2018-07-24 14:39:41.747542,2018-07-24 14:39:52.133309,0.75,0.05,0.95449,0.0,0,0,1000,0.05,0,0.0,4,1uA,1V,chronoamp,2,alex
15,2018-07-24 14:39:41.747542,2018-07-24 14:39:52.133309,1.0,0.05,0.9546,0.0,0,0,1000,0.05,0,0.0,4,1uA,1V,chronoamp,2,alex
16,2018-07-24 14:39:41.747542,2018-07-24 14:39:52.133309,0.25,0.05,0.954,0.0,0,0,1000,0.05,0,0.0,4,1uA,1V,chronoamp,2,alex
17,2018-07-24 14:39:41.747542,2018-07-24 14:39:52.133309,0.5,0.05,0.95429,0.0,0,0,1000,0.05,0,0.0,4,1uA,1V,chronoamp,2,alex
18,2018-07-24 14:39:41.747542,2018-07-24 14:39:52.133309,0.75,0.05,0.9545,0.0,0,0,1000,0.05,0,0.0,4,1uA,1V,chronoamp,2,alex
19,2018-07-24 14:39:41.747542,2018-07-24 14:39:52.133309,1.0,0.05,0.95453,0.0,0,0,1000,0.05,0,0.0,4,1uA,1V,chronoamp,2,alex
20,2018-07-24 14:39:41.747542,2018-07-24 14:39:52.133309,0.25,0.05,0.95367,0.0,0,0,1000,0.05,0,0.0,4,1uA,1V,chronoamp,2,alex
21,2018-07-24 14:39:41.747542,2018-07-24 14:39:52.133309,0.5,0.05,0.95404,0.0,0,0,1000,0.05,0,0.0,4,1uA,1V,chronoamp,2,alex
22,2018-07-24 14:39:41.747542,2018-07-24 14:39:52.133309,0.75,0.05,0.9541,0.0,0,0,1000,0.05,0,0.0,4,1uA,1V,chronoamp,2,alex
23,2018-07-24 14:39:41.747542,2018-07-24 14:39:52.133309,1.0,0.05,0.95463,0.0,0,0,1000,0.05,0,0.0,4,1uA,1V,chronoamp,2,alex
24,2018-07-24 14:39:41.747542,2018-07-24 14:39:52.133309,0.25,0.05,0.95365,0.0,0,0,1000,0.05,0,0.0,4,1uA,1V,chronoamp,2,alex
25,2018-07-24 14:39:41.747542,2018-07-24 14:39:52.133309,0.5,0.05,0.95421,0.0,0,0,1000,0.05,0,0.0,4,1uA,1V,chronoamp,2,alex
26,2018-07-24 14:39:41.747542,2018-07-24 14:39:52.133309,0.75,0.05,0.95461,0.0,0,0,1000,0.05,0,0.0,4,1uA,1V,chronoamp,2,alex
27,2018-07-24 14:39:41.747542,2018-07-24 14:39:52.133309,1.0,0.05,0.95432,0.0,0,0,1000,0.05,0,0.0,4,1uA,1V,chronoamp,2,alex
28,2018-07-24 14:39:41.747542,2018-07-24 14:39:52.133309,0.25,0.05,0.95429,0.0,0,0,1000,0.05,0,0.0,4,1uA,1V,chronoamp,2,alex
29,2018-07-24 14:39:41.747542,2018-07-24 14:39:52.133309,0.5,0.05,0.9546,0.0,0,0,1000,0.05,0,0.0,4,1uA,1V,chronoamp,2,alex
30,2018-07-24 14:39:41.747542,2018-07-24 14:39:52.133309,0.75,0.05,0.95453,0.0,0,0,1000,0.05,0,0.0,4,1uA,1V,chronoamp,2,alex
31,2018-07-24 14:39:41.747542,2018-07-24 14:39:52.133309,1.0,0.05,0.95416,0.0,0,0,1000,0.05,0,0.0,4,1uA,1V,chronoamp,2,alex
32,2018-07-24 14:39:41.747542,2018-07-24 14:39:52.133309,0.25,0.05,0.95335,0.0,0,0,1000,0.05,0,0.0,4,1uA,1V,chronoamp,2,alex
33,2018-07-24 14:39:41.747542,2018-07-24 14:39:52.133309,0.5,0.05,0.95295,0.0,0,0,1000,0.05,0,0.0,4,1uA,1V,chronoamp,2,alex
34,2018-07-24 14:39:41.747542,2018-07-24 14:39:52.133309,0.75,0.05,0.95359,0.0,0,0,1000,0.05,0,0.0,4,1uA,1V,chronoamp,2,alex
35,2018-07-24 14:39:41.747542,2018-07-24 14:39:52.133309,1.0,0.05,0.95329,0.0,0,0,1000,0.05,0,0.0,4,1uA,1V,chronoamp,2,alex
36,2018-07-24 14:39:41.747542,2018-07-24 14:39:52.133309,0.25,0.05,0.95348,0.0,0,0,1000,0.05,0,0.0,4,1uA,1V,chronoamp,2,alex
37,2018-07-24 14:39:41.747542,2018-07-24 14:39:52.133309,0.5,0.05,0.95486,0.0,0,0,1000,0.05,0,0.0,4,1uA,1V,chronoamp,2,alex
38,2018-07-24 14:39:41.747542,2018-07-24 14:39:52.133309,0.75,0.05,0.95378,0.0,0,0,1000,0.05,0,0.0,4,1uA,1V,chronoamp,2,alex
39,2018-07-24 14:39:41.747542,2018-07-24 14:39:52.133309,1.0,0.05,0.95411,0.0,0,0,1000,0.05,0,0.0,4,1uA,1V,chronoamp,2,alex
0,2018-07-24 15:54:45.216359,2018-07-24 15:54:55.564468,1.0,0.05,0.00687,0.0,0,0,1000,0.05,0,0.0,1,1uA,1V,chronoamp,1,ff
1,2018-07-24 15:54:45.216359,2018-07-24 15:54:55.564468,1.0,0.05,0.00663,0.0,0,0,1000,0.05,0,0.0,1,1uA,1V,chronoamp,1,ff
2,2018-07-24 15:54:45.216359,2018-07-24 15:54:55.564468,1.0,0.05,0.00713,0.0,0,0,1000,0.05,0,0.0,1,1uA,1V,chronoamp,1,ff
3,2018-07-24 15:54:45.216359,2018-07-24 15:54:55.564468,1.0,0.05,0.0069,0.0,0,0,1000,0.05,0,0.0,1,1uA,1V,chronoamp,1,ff
4,2018-07-24 15:54:45.216359,2018-07-24 15:54:55.564468,1.0,0.05,0.00659,0.0,0,0,1000,0.05,0,0.0,1,1uA,1V,chronoamp,1,ff
5,2018-07-24 15:54:45.216359,2018-07-24 15:54:55.564468,1.0,0.05,0.00673,0.0,0,0,1000,0.05,0,0.0,1,1uA,1V,chronoamp,1,ff
6,2018-07-24 15:54:45.216359,2018-07-24 15:54:55.564468,1.0,0.05,0.00667,0.0,0,0,1000,0.05,0,0.0,1,1uA,1V,chronoamp,1,ff
7,2018-07-24 15:54:45.216359,2018-07-24 15:54:55.564468,1.0,0.05,0.00645,0.0,0,0,1000,0.05,0,0.0,1,1uA,1V,chronoamp,1,ff
8,2018-07-24 15:54:45.216359,2018-07-24 15:54:55.564468,1.0,0.05,0.00708,0.0,0,0,1000,0.05,0,0.0,1,1uA,1V,chronoamp,1,ff
9,2018-07-24 15:54:45.216359,2018-07-24 15:54:55.564468,1.0,0.05,0.00722,0.0,0,0,1000,0.05,0,0.0,1,1uA,1V,chronoamp,1,ff
0,2018-07-24 15:54:45.215011,2018-07-24 15:54:55.565030,1.0,0.05,0.95392,0.0,0,0,1000,0.05,0,0.0,1,1uA,1V,chronoamp,2,ff
1,2018-07-24 15:54:45.215011,2018-07-24 15:54:55.565030,1.0,0.05,0.95345,0.0,0,0,1000,0.05,0,0.0,1,1uA,1V,chronoamp,2,ff
2,2018-07-24 15:54:45.215011,2018-07-24 15:54:55.565030,1.0,0.05,0.95487,0.0,0,0,1000,0.05,0,0.0,1,1uA,1V,chronoamp,2,ff
3,2018-07-24 15:54:45.215011,2018-07-24 15:54:55.565030,1.0,0.05,0.95515,0.0,0,0,1000,0.05,0,0.0,1,1uA,1V,chronoamp,2,ff
4,2018-07-24 15:54:45.215011,2018-07-24 15:54:55.565030,1.0,0.05,0.95383,0.0,0,0,1000,0.05,0,0.0,1,1uA,1V,chronoamp,2,ff
5,2018-07-24 15:54:45.215011,2018-07-24 15:54:55.565030,1.0,0.05,0.95494,0.0,0,0,1000,0.05,0,0.0,1,1uA,1V,chronoamp,2,ff
6,2018-07-24 15:54:45.215011,2018-07-24 15:54:55.565030,1.0,0.05,0.95522,0.0,0,0,1000,0.05,0,0.0,1,1uA,1V,chronoamp,2,ff
7,2018-07-24 15:54:45.215011,2018-07-24 15:54:55.565030,1.0,0.05,0.95543,0.0,0,0,1000,0.05,0,0.0,1,1uA,1V,chronoamp,2,ff
8,2018-07-24 15:54:45.215011,2018-07-24 15:54:55.565030,1.0,0.05,0.95489,0.0,0,0,1000,0.05,0,0.0,1,1uA,1V,chronoamp,2,ff
9,2018-07-24 15:54:45.215011,2018-07-24 15:54:55.565030,1.0,0.05,0.95475,0.0,0,0,1000,0.05,0,0.0,1,1uA,1V,chronoamp,2,ff
